{"cameraMode":{"drawMode":0,"name":"Shaded","section":"Shading Mode"},"sceneLighting":true,"audioPlay":false,"sceneViewState":{"showFog":false,"showMaterialUpdate":false,"showSkybox":false,"showFlares":false,"showImageEffects":false,"showParticleSystems":false},"in2DMode":false,"pivot":{"x":-11.424880027770996,"y":-0.9783000946044922,"z":1.1115055084228516},"rotation":{"x":-0.45119214057922366,"y":0.34253382682800295,"z":-0.19256077706813813,"w":-0.8013384342193604},"size":13.223418235778809,"orthographic":false}